1,Osbert,Kuusjoki,96962
2,Denny,Cajolá,77704
3,Bronson,Tegalheras,51554
4,Had,Guatire,12178
5,Tessi,Mungo,92865
6,Trefor,Sāqayn,60691
7,Codi,Guanyinge,12384
8,Darby,Marystown,82847
9,Sharona,Kosamphi Nakhon,74899
10,Brittney,Cikulina,84686
11,Rosene,Trélazé,86247
12,Cosetta,Nārāyanganj,15002
13,Ezequiel,Sydney,31148
14,Brig,Jiantiao,24882
15,Uriah,Limushan,84076
16,Gilbertine,Dar es Salaam,14167
17,Winston,Tokmok,59549
18,Marilee,Argasari,62230
19,Kendell,Pulorejo,28797
20,Tiffy,Samut Songkhram,29363
21,Mickie,Paris 12,35847
22,Eleen,Ariguaní,17012
23,Marven,Shanxi,40595
24,Arleen,Negla,88347
25,Shawna,Győr,70087
26,Babara,Ikang,90268
27,Sabra,Vykhino-Zhulebino,94151
28,Pepillo,Baliuag,43830
29,Gabrila,El Viejo,94863
30,Abey,Talondang,32320
31,Hastings,Beo,65409
32,Zane,Baidian,63836
33,Cedric,Bayanbaogede,34285
34,Dennet,Xinxing,13861
35,Wendy,Shitan,11275
36,Manuel,Novi Bilokorovychi,57844
37,Agnesse,Los Frentones,32732
38,Cleon,Satowebrang,35842
39,Doralin,Ar Rawḑ,72116
40,Carly,Bogovarovo,64935
41,Elga,Jalingo,36618
42,Ainsley,Pamedaran,72143
43,Mickey,Kurumkan,99014
44,Atlanta,Junín,49922
45,Hester,Mosjøen,77758
46,Letty,Balinad,95994
47,Philis,Duping,62877
48,Silvano,Tostado,66042
49,Baryram,Changping,89870
50,Trisha,Leones,92144
51,Stormi,Andou,25180
52,Connie,Karuri,38054
53,Gardie,Теарце,36444
54,Zora,Aksu,35947
55,Tanhya,Zhiryatino,39200
56,Welbie,Norrköping,61278
57,Nikolos,Ouésso,66085
58,Daisi,Timbiras,74940
59,Devi,Benisheikh,89605
60,Cathlene,Petersfield,96384
61,Demetria,Niedercorn,21568
62,Margret,Fengyang Fuchengzhen,77559
63,Karlyn,Boden,19116
64,Elyn,Zarechnyy,43484
65,Kirby,Panolan,33910
66,Maxy,Lauro de Freitas,34303
67,Darryl,Fengshuling,69199
68,Jefferson,Padangtiji,56683
69,Carey,San Pedro Apartado,45985
70,Yolane,Shuhong,60615
71,Faunie,Wilmington,26900
72,Waverley,Ciénega,58945
73,Yulma,Hostěradice,16646
74,Gayla,Songhu,83634
75,Emelina,Cisalak,80840
76,Spencer,Jadowniki Mokre,33629
77,Jackquelin,Novki,34595
78,Elsbeth,Yuanguping,16510
79,Talbot,Punta de Bombón,34007
80,Corbin,Barbosa,43339
81,Domenico,Puerto Castilla,89312
82,Baxy,Liusi,12512
83,Grove,Yunfeng,78463
84,Rubin,Dodol,58543
85,Kora,Jeremoabo,22254
86,Cassey,Pont-Rouge,92563
87,Romy,Béboto,67403
88,Van,Cikembang,77217
89,Trudi,Dongtai,98795
90,Belinda,Oberá,12116
91,Kingsley,Guifeng,38412
92,Jerrilyn,Ul,11928
93,Audra,Bacem,12531
94,Hally,West Palm Beach,56144
95,Elizabeth,Shuidun,21609
96,Robb,Huishi,45169
97,Kort,Soras,55163
98,Alphonse,Krapivna,48260
99,Ingeborg,Зуунмод,50070
100,Janey,Ciudad del Este,85555
101,Joelynn,Mörön,66179
102,Bronnie,Lambangan Kulon,47286
103,Betsy,Le Cannet,37651
104,Berna,Talalora,36180
105,Erick,München,98887
106,Lorinda,Micoud,90481
107,Kahaleel,Andrézieux-Bouthéon,98166
108,Tiebout,Kajisara,92191
109,Logan,Wu’erbu Baolige,66134
110,Hi,Yajiang,72539
111,Hermia,Cañete,55713
112,Jeanine,Garça,83109
113,Amble,Rābigh,13659
114,Jade,Nowshahr,69926
115,Waylin,Fray Luis A. Beltrán,32960
116,Wilek,Henglian,54211
117,Illa,Bakadagy,20138
118,Baudoin,Corredoura,14486
119,Lana,Penengahan,57927
120,Sebastian,Andongsari,51210
121,Jillayne,Botevgrad,82174
122,Henryetta,Ural,56972
123,Nathaniel,Rietavas,29950
124,Allyson,Pangushan,46655
125,Maurice,Fort Smith,62698
126,Rafaela,Berlin,26027
127,Guthrie,Marseille,95438
128,Gertie,Bangunsari,19063
129,Poppy,Lundazi,57096
130,Inglis,Sukojember,28564
131,Nicky,Boundiali,89496
132,Phillipe,Itapicuru,39226
133,Storm,Niebylec,24671
134,Bernadine,Itápolis,90816
135,Inessa,Āwash,23662
136,Sonni,Mojo,45847
137,Kitty,Kampungtengah,83250
138,Trevor,Lameiras,33874
139,Uri,Kuteynykove,13349
140,Kerianne,Marseille,97003
141,Marie,Hongyan,36796
142,Brandea,Itacarambi,49888
143,Falito,Dayangzhou,70258
144,Amy,Bystřany,69381
145,Jayne,Togitsu,84332
146,Shellie,Czarnocin,66815
147,Lola,Tsagaanders,88846
148,Hi,Dianbu,97566
149,Joellyn,Zykovo,82052
150,Rozanne,Panalanoy,79008
151,Eddy,Khōshāmand,45120
152,Sid,Ylitornio,79426
153,Ethelin,Cibitung,22486
154,Any,Nakovo,34785
155,Maude,Dorotea,58792
156,Jillene,Mainri,37438
157,Tan,Paris 19,24708
158,Kial,Šenčur,58077
159,Durant,Troparëvo,28831
160,Carly,Astorga,37429
161,Helyn,Lenīnskīy,88360
162,Oby,Invermere,23707
163,Demetris,Farroupilha,11503
164,Ricardo,Biryulëvo Zapadnoye,82506
165,Brinn,Nal’chik,34925
166,Bryana,Rio Negrinho,90665
167,Phillip,Pancanagara,78815
168,Rois,Jiutai,39895
169,Francis,Rybinsk,38865
170,Dominique,Yihe,26944
171,Michelle,General Pico,16508
172,Lonna,Tuam,66956
173,Lincoln,Gesik,26994
174,Lucian,Guacarí,47865
175,Monroe,Třešť,18374
176,Rorke,Voi,72089
177,Eduardo,Songshan,54785
178,Rhys,Nishor,31720
179,Truda,Segong,72840
180,Simmonds,Teculután,24466
181,Ginelle,Santa Lucía,60617
182,Dom,Liên Chiểu,54607
183,Bunny,Parakanhonje Wetan,87424
184,Stanford,Uchimaru,17203
185,Ewell,Qingshui,57323
186,Margi,Krathum Baen,33631
187,Jana,West Palm Beach,28806
188,Rebe,Shaguotun,71208
189,Chloris,Horvati,17715
190,Emmalynne,Qiaolin,15444
191,Filip,Baihe,58132
192,Quentin,Renhe,26261
193,Avis,Pashkovskiy,26687
194,Storm,Không,26791
195,Clemens,Budapest,31201
196,Nefen,Vesëlyy,50145
197,Mela,Alvesta,99440
198,Gilberto,Nowlamary,84975
199,Prissie,Daba,57562
200,Harrison,Alderetes,25834
201,Edgard,Tangjia,80926
202,Damon,Karangtengah,20618
203,Bianka,Tawangrejo,93991
204,Romy,Baliang,69753
205,Les,Laweueng,76794
206,Fredia,Dimitrovgrad,69789
207,Waly,Girardot,13045
208,Barnabe,Lop Buri,11011
209,Halette,Pregonero,92940
210,Mattias,Hod HaSharon,71347
211,Aloysius,Arles,71093
212,Rosalind,Seattle,63014
213,Elsa,Johnson City,26412
214,Charlot,Saint Louis,79755
215,Joey,Būrewāla,93631
216,Foss,Marston,65766
217,Brendan,Češinovo,79615
218,Marvin,Kitimat,97617
219,Job,Bahaodi,34174
220,Lorna,Goba,40389
221,Padget,Niaohe,87783
222,Bobby,Hrvace,43169
223,Marrissa,Xiaoying,72966
224,Lila,Guadalupe,14970
225,Megan,Sanana,51328
226,Bondon,Paris 08,39718
227,Faulkner,Gränna,22657
228,Ebba,Chinju,96720
229,Nert,Radviliskis,33772
230,Micky,Kalugmanan,60728
231,Magdalen,Mandaon,29549
232,Verine,Ağdaş,56454
233,Kailey,Lagangilang,39286
234,Ebony,Worcester,88472
235,Reynold,Diré,89274
236,Tillie,Utrecht (stad),69736
237,Micheline,Oborniki Śląskie,11945
238,Konstanze,Grenoble,49400
239,Tynan,Amio,60921
240,Koral,Aku,37932
241,Ginger,Pershotravneve,69309
242,Korie,Frutal,50516
243,Blanch,Omoku,66766
244,Ruddy,Fufang,87146
245,Jacquelyn,Kuwait City,14881
246,Olly,Xinsheng,39614
247,Yankee,Roriz,46165
248,Talya,Youhao,69716
249,Barbey,Talagante,30982
250,Miles,Khorramdarreh,10689
251,Fairleigh,Nagutskoye,95066
252,Korry,Benito Juarez,81347
253,Izabel,Serdobsk,81222
254,Silas,Pulong Gubat,75646
255,Vonni,Peskovka,85453
256,Edie,Calango,56482
257,Laurene,Gayabaru,86157
258,Simonne,Meijiang,51418
259,Maurene,Sausa,13744
260,Adelice,Łobżenica,60381
261,Hillard,Klembivka,50315
262,Jannel,Totoras,12954
263,Rafael,Sueyoshichō-ninokata,57826
264,Gweneth,Aioi,14176
265,Zane,Elele,70110
266,Car,Xiumei,99839
267,Winne,Horlivka,95803
268,Ursuline,Marisol,30283
269,Gaston,Wulan,50851
270,Kelly,Xiaozhi,20189
271,Fraser,Moreno,48113
272,Jania,Sinisian,27760
273,Maribeth,Varaždin,31251
274,Fritz,Kelaniya,45866
275,Berta,Dongping,83902
276,Mychal,Myhiya,29573
277,Maison,Cestas,10332
278,Michelle,Aţ Ţaybah,50113
279,Olive,Yangjiaping,21477
280,Peter,Berezayka,60367
281,Dominica,Simão Dias,24979
282,Karoly,Carman,21208
283,Gavra,Loakulu,88303
284,Daloris,Shibata,93408
285,Brittani,Villa Serrano,61476
286,Hunter,Puerto Iguazú,99633
287,Shell,Huxingshan,52491
288,Betty,Piraí,12756
289,Lars,Marmárion,48434
290,Nani,Vetluzhskiy,88675
291,Renado,Cravo Norte,77802
292,Jdavie,Przybyszówka,34301
293,Anselm,Brka,14633
294,Carissa,Yingdianjie,74692
295,Priscella,Yashao,34396
296,Alisha,Simenqian,18320
297,Goldia,Borzoy,50157
298,Weston,Bratislava,58814
299,Patty,Alcáçovas,84523
300,Lulita,Duowa,37691
301,Bobby,Sitrah,19523
302,Jordain,Shangtang,54794
303,Horacio,Priekule,76895
304,Elisabeth,Magoúla,33309
305,Guenna,Ludwigshafen am Rhein,74235
306,Coletta,San Pedro de Macorís,57128
307,Neala,Lanci Satu,78887
308,Mohandis,Kawęczyn,91741
309,Renee,Salcedo,59465
310,Gerald,Oslo,65399
311,Ikey,Valdemārpils,24570
312,Dalenna,Lazdijai,19979
313,Verge,Zhukovskiy,34492
314,Bertina,Catolé do Rocha,90525
315,Del,Paseyan,93545
316,Analiese,Mīr Bachah Kōṯ,85922
317,Dorry,Auki,79100
318,Marcie,Copa,51326
319,Addie,Sungi Liput,71481
320,Mureil,Maopingchang,43174
321,Annette,Zhuxing Chaoxianzu,88771
322,Alphonso,Huayana,51980
323,Sigmund,Aoji-ri,97770
324,Sibbie,Temirgoyevskaya,75012
325,Hynda,Jardín América,43289
326,Avril,Santiago,83606
327,Diannne,Madīnat Ḩamad,47069
328,Sharyl,Zel’va,31626
329,Walsh,Skien,65551
330,Pearl,Guidong Chengguanzhen,39199
331,Lethia,San Francisco,56682
332,Cross,Lanci Satu,93975
333,Irwin,Itaberaba,67319
334,Vinny,Wukang,48643
335,Valaree,Noda,87662
336,Arlette,Longmen,91418
337,Mag,Ruokolahti,59095
338,Baudoin,Cangshan,62265
339,Noah,‘Ibrī,67939
340,Ardith,Borås,86371
341,Web,Pingxiang,95030
342,Raven,Lanús,47641
343,Niel,Paso de Indios,86689
344,Vanni,Codajás,40909
345,Liza,Kuytun,68914
346,Nathan,Néa Karváli,39714
347,Madelaine,Orós,21031
348,Loretta,Tagbacan Ibaba,41691
349,Bay,Uppsala,92991
350,Orran,Blagoveshchensk,35279
351,Jacquenetta,Jingzhou,66184
352,Matilde,El Cairo,67492
353,Idell,Longwantun,35232
354,Brynne,Tsagaandörvölj,84194
355,Stella,Mahalapye,36249
356,Marcelia,San Lorenzo,82207
357,Lloyd,Machachi,25618
358,Emlynn,Zyuzino,68274
359,Cherice,Malasiqui,50497
360,Theodoric,Woro,27368
361,Tiffi,Chosica,49947
362,Maje,Cortes,85165
363,Janel,Ḩarastā,62846
364,Lynnet,Kaloyanovo,58531
365,Zorana,Tokombere,84823
366,Ragnar,Senador Canedo,91760
367,Rana,Menara,38172
368,Salli,Shostka,84254
369,Shanon,Esso,28380
370,Eziechiele,Ōhara,61882
371,Eudora,Finspång,54023
372,Lacey,Stockholm,99323
373,Lindsay,Zaña,91035
374,Shermy,Neebing,41871
375,Catherine,Ereencav,52980
376,Sindee,Meiyuan,35610
377,Darby,Yushugou,86685
378,Rhianon,Nyimba,73066
379,Sandy,Mafeteng,87014
380,Winni,Trâu Quỳ,66925
381,Edgardo,Dzerzhinsk,77213
382,Ricard,Jinghong,41124
383,Carce,San Diego,67443
384,Olag,Eucaliptus,89666
385,Shandra,Brea Pozo,71515
386,Dolores,Oeri’u,45967
387,Gideon,Mönchengladbach,57292
388,Charmane,Linghu,19387
389,Yoshi,Karátoulas,15193
390,Dolley,Cantoria,87233
391,Nial,Las Lomas,98138
392,Isidora,Tungawan,72607
393,Liv,Kamen’-na-Obi,89604
394,Ebenezer,Madrid,30435
395,Lavina,Cirateun,75625
396,Mellisa,Awayan,66428
397,Leonid,Reckange-sur-Mess,38509
398,Mariska,Shantoudian,43059
399,Stephi,Herrera,61258
400,Leanor,Las Vegas,42492
401,Stafani,Mikhaylovka,76398
402,Dorian,Murzuq,67396
403,Augusto,Karangarjo,99858
404,Theadora,Gândara de Aquém,71731
405,Bond,Shangying,80693
406,Mata,Ozalj,82275
407,Brewer,Virovitica,13778
408,Joel,Taihe,81982
409,Helena,Baton Rouge,22046
410,Garreth,Sohbatpur,75234
411,Tommy,Pumaqangtang,85716
412,Clarissa,Maojiagang,17590
413,Dean,Yinhe,51885
414,Patrice,Fort Worth,48491
415,Leora,Tubel,76374
416,Kelci,Cigembong,37611
417,Huntington,Nijmegen,20641
418,Burt,Taber,13984
419,Maitilde,Hernani,75754
420,Peyter,Pines,39777
421,Jason,Kronoby,14590
422,Afton,Korogan Timur,56940
423,Caryl,Anibare,21613
424,Alvis,Besao,23067
425,Etty,Enewetak,16610
426,Jammal,Sasa,25580
427,Thatch,Daogao,93332
428,Maggie,Maracaibo,80557
429,Pris,Palena,10332
430,Cathee,Panchagarh,23722
431,Clemence,Jackson,75635
432,Morty,Panino,24630
433,Boote,Nuevo Chamelecón,20667
434,Ilise,Totolan,41656
435,Ursala,Tignoan,28867
436,Agata,Černošín,83827
437,Cobbie,Kristiansand S,69688
438,Clerc,Carlsbad,64563
439,Lil,Donetsk,60543
440,Lucky,Bergen,49673
441,Judon,Verin Dvin,15134
442,Sissie,Frutal,28212
443,Anita,Naifalo,37815
444,Noreen,Mae Hi,33813
445,Carrissa,Dolní Kounice,27651
446,Blondell,Ōmagari,32630
447,Theodora,Aguisan,14706
448,Cassie,Xiongguan,71456
449,Piggy,Datang,38711
450,Emmery,Morgados,90461
451,Juan,Asen,57480
452,Mac,Ayia Napa,37770
453,Brynne,Tembau,85660
454,Evonne,Fox Creek,70718
455,Feliks,Al Fuwayliq,92007
456,Ingaborg,Independencia,27574
457,Kevin,Kalibaru,61125
458,Faye,São Mateus do Sul,65375
459,Genovera,Denver,27471
460,Montgomery,Qiangtou,52023
461,Roseanne,Phu Phiang,90973
462,Ethyl,Shanglian,12340
463,Berkley,Tuchomie,70708
464,Sidney,Machetá,27123
465,Daveta,Knoxville,80165
466,Venita,Hantsavichy,62578
467,Adolph,Anningqu,89316
468,Jude,Shuibian,51993
469,Godwin,Pasiripis,83135
470,Mary,Piekielnik,80613
471,Randene,Hexi,68627
472,Mada,Ebene,14728
473,Holli,Linköping,26260
474,Gerri,Старо Нагоричане,85319
475,Carlina,Gunung Talang,93164
476,Nicolea,Reiko,81548
477,Heidi,Gunungangka,66474
478,Kay,Le Blanc-Mesnil,10754
479,Avivah,Nampera,26400
480,Novelia,Jiangqiao,39350
481,Brit,Abū Ghaush,71507
482,Timmie,Jubung,44460
483,Carly,Staraya Derevnya,71192
484,Rafe,Kawakawa,98690
485,Andrus,Jiangpu,24306
486,Harold,Xinjian,72383
487,Sammy,Tunasbaru,14519
488,Way,Weiqi,20229
489,Fran,Makurazaki,91240
490,Jobey,Ifo,45285
491,Syd,Sundsvall,51830
492,Lucinda,Bang Pahan,22159
493,Chastity,Zhongxing,37669
494,Seline,Täby,84586
495,Adrianne,Chaoshui,79952
496,Owen,Libei,64214
497,Harp,Aş Şanamayn,66223
498,Ted,Cuauhtemoc,26648
499,Josepha,Leskovec pri Krškem,11595
500,Kimberli,Saint-Louis,83962
501,Pyotr,Grosuplje,29863
502,Avictor,Apucarana,90037
503,Peg,Cimaung Kidul,78665
504,Cheri,Takayama,54774
505,Fay,Tando Jām,37232
506,Salvatore,Changqiao,66915
507,Ara,Thị Trấn Phù Yên,95607
508,Nat,Tirapata,82070
509,Nathalia,Tuohua,76104
510,Clementine,Luna,98534
511,Colver,Krasnokholmskiy,95238
512,Coletta,Kasserine,35655
513,Adamo,Kanye,70626
514,Brigit,Bailang,68437
515,Kore,Barreiro,66971
516,Lotty,Nikolayevskaya,56767
517,Ingrid,Ożarowice,85274
518,Kacy,Kinnegad,16937
519,Mitchael,Qiling,90107
520,Kania,Xinmin,50448
521,Tiebold,Bécancour,25254
522,Regine,Sampangbitung,47425
523,Anastassia,Neikeng,67328
524,Robinson,Doro Oo,89998
525,Raynor,Fengqiao,52351
526,Elsbeth,Phú Túc,57583
527,Katerine,Budakovo,26996
528,Irwinn,Tandil,15944
529,Milty,Tabonoc,46794
530,Shawnee,Banjar Kubu,73755
531,Dilly,Guihuaquan,90157
532,Saloma,Jasienica,45228
533,Lester,Lille,21011
534,Gale,Krajan,95335
535,Lynne,Tanzhou,10208
536,Zacharia,Ngulakan,49563
537,Ashbey,Baiyan,52193
538,Rance,Bočar,77978
539,Aloysia,Caen,40766
540,Luise,Mingjiu,92448
541,Cal,Tiandu,32553
542,Vaughn,Isesaki,96620
543,Tarah,Asopía,91782
544,Gilles,Copán,70433
545,Lana,Tanalt,45943
546,Elvin,Chibuto,75816
547,Iorgos,Fria,52193
548,Candida,Marseille,57391
549,Juliet,Condado,65161
550,Walther,Roma,69688
551,Stefanie,Huangtugang,58544
552,Morie,Shiwan,89530
553,Waylan,Liangshui,18776
554,Zak,Miami,59842
555,Daffie,Nesterov,67315
556,Darnall,Velikiy Novgorod,77079
557,Fanni,Žleby,15865
558,Reyna,Maanĭt,98280
559,Alejandra,Daykitin,65651
560,Phineas,Paupanda Bawah,76983
561,Norry,Kobleve,65001
562,Dorothy,Argayash,25954
563,Brenna,Augsburg,87021
564,Cori,Olavarría,87763
565,Chadd,Biyong,14482
566,Lilly,Tamano,53795
567,Curtis,Paraíso de Chabasquén,73067
568,Leta,Stare Kurowo,60477
569,Valina,Ijuw,93377
570,Brad,Nālūt,10667
571,Rolf,Gävle,66326
572,Cynde,Emplak,32840
573,Cyndia,Bingawan,56948
574,Sherrie,Salacgrīva,94995
575,Marylee,Palpalá,84416
576,Worthington,Liushun,93551
577,Alexis,Miribel,76852
578,Martin,Barat,54474
579,Engelbert,Dolinsk,20673
580,Bryna,Kamwenge,53398
581,Ward,Göteborg,12567
582,Ham,Kouvola,71763
583,Con,Alarobia,51065
584,Pauli,Kiten,24853
585,Massimiliano,Tenjolaya,92412
586,Vevay,Timbiras,71244
587,Edithe,Kraton,49672
588,Boone,Shanghuang,14716
589,Roman,Yushugou,30452
590,Katerina,Talisay,23890
591,Ida,Petroúpolis,84845
592,Ally,San Marcos,92402
593,Giffy,Rumboci,97142
594,Lyn,Peremyshl’,42621
595,Ferdy,Pisangkemeng,89395
596,Petronilla,Blagodarnyy,39418
597,Anett,Klášter,83060
598,Aubine,Thessalon,84953
599,Paulette,Skara,48016
600,Jake,Borås,78993
601,Nikola,Komysh-Zorya,28354
602,Berri,Villa Bustos,59613
603,Ossie,Sawahan,44832
604,Ally,Nara,75042
605,Chuck,Boavista,33796
606,Moses,Trollhättan,30555
607,Sigfrid,Chonghe,75872
608,Shellysheldon,Ujazd,44803
609,Borden,Reno,23146
610,Moyna,Hostomice,68435
611,Marcie,Duqiao,57194
612,Vere,Aktogay,99889
613,Romonda,Stari Grad,59566
614,Jasmina,Sibiti,70661
615,Nicky,Luján,47619
616,Shari,Káto Miliá,96020
617,Maitilde,San Vicente,59973
618,Katinka,Yelets,16445
619,Hildy,Jorf,27469
620,Sharona,Świlcza,64530
621,Caria,Chornobay,12730
622,Clemmie,Chigorodó,69122
623,Libbie,Rehoboth,65683
624,Wilbert,Qiling,53217
625,Daffi,Štítná nad Vláří,20795
626,Julia,Xinfa,94941
627,Ethyl,Afareaitu,37326
628,Doralyn,Qingyang,87113
629,Glenden,Nekla,35228
630,Delmore,Filabusi,32097
631,Felicia,Căuşeni,68682
632,Pietra,Kawęczyn,86867
633,Neel,Zagnitkiv,66977
634,Brant,Pazarić,91851
635,Fidel,Mislīyah,55320
636,Robinet,Pau,99950
637,Fayth,Dinahican,32939
638,Dannye,Cibaregbeg Dua,17601
639,Julia,Magok,28417
640,Korrie,Dubti,25111
641,Paquito,Cluses,15383
642,Halie,Mitsuke,61189
643,Linda,Saynshand,65638
644,Mil,Gijon,42126
645,Lesli,Winschoten,85432
646,Nerti,Strum,13311
647,Irma,Kapotnya,10836
648,Ruthe,Dologon,40900
649,Kerrill,Neftçala,99505
650,Justinn,Hekou,13988
651,Tobe,Sumberkertokrajan,14542
652,Daune,Laspezia,83240
653,Lynea,Sélibabi,97906
654,Armand,Nantang,37829
655,Rosabelle,Mangunjaya,55686
656,Felix,Huntington,48442
657,Emmett,Kapiri Mposhi,78397
658,Margy,Xinfu,71802
659,Mair,Paris 15,53528
660,Ag,Mangdang,96816
661,Wilhelmine,Molugan,35644
662,Wallis,Rancaranji,26901
663,Yevette,Krasnokuts’k,14338
664,Bernhard,Taraco,36026
665,Mohammed,Qaffīn,55010
666,Cedric,Grzęska,50637
667,Trueman,Santiago do Cacém,61859
668,Iorgo,Cabeço,30412
669,Ernesto,Zalţan,74897
670,Pincas,Baishuitan,66294
671,Evvy,Bunda,46339
672,Hamel,Beima,30290
673,Tina,Amherst,10094
674,Electra,Hulu,38622
675,Sigfrid,Bumba,24539
676,Binni,Tassin-la-Demi-Lune,13566
677,Celle,Ferapontovo,47818
678,Raleigh,Hostomice,65885
679,Osgood,Chaoyang,34670
680,Michel,Tsybulevka,19603
681,Gardie,San Jose,57786
682,Nanice,Gunjur Kuta,60409
683,Timothee,Timmins,64730
684,Paige,Caoxi,43192
685,Lydon,Muzi,84558
686,Noah,Barru,49797
687,Doti,Las Flores,27007
688,Rorke,Orlando,64185
689,James,Mladá Boleslav,32017
690,Emmi,Grębów,66900
691,Kettie,Askim,83806
692,Jennette,Bang Sai,22169
693,Bartholemy,Xinzhou,86644
694,Suki,Lantian,77325
695,Babita,Cadiz,16405
696,Jessey,Guihulñgan,26011
697,Jane,Pontes,93278
698,Kelly,Avignon,13176
699,Averil,Wang Noi,74975
700,Raimundo,North Cowichan,55885
701,Kerianne,Morelos,46707
702,Joela,Jalqamūs,98437
703,Syman,Cumaná,14176
704,Kelby,Älvsjö,87686
705,Melany,Kebonagung,13536
706,Aidan,Soutelo,64378
707,Bell,Oekefan,61773
708,Brittan,Araci,31758
709,Corabella,Weifang,67613
710,Brig,Kangle,72959
711,Millicent,Chengmen,32641
712,Drusilla,Penanggungan,60907
713,Karla,Daoxian,14286
714,Ewen,Aţ Ţawāḩīn,56302
715,Del,Penglai,39255
716,Hadlee,Cipadung Timur,20381
717,Armand,Fencheng,59574
718,Cate,Liyuan,68545
719,Lorenza,Devesa,83868
720,Bron,Nossa Senhora do Socorro,43302
721,Crysta,Surazh,99986
722,Barbey,Quitilipi,65841
723,Kellia,Novozavedennoye,20526
724,Mort,General Enrique Mosconi,62851
725,Irwin,Minjian,86890
726,Robinia,Akita,86866
727,Leo,Layu,84377
728,Giffie,Kasangulu,10921
729,Frank,Tvrdonice,44556
730,Kristofor,Jindaoxia,62387
731,Ulrich,Tasböget,62086
732,Emmalynn,Dinggou,10288
733,Lorene,Semamung,39037
734,Hart,Qal‘ah-ye Na‘īm,56249
735,Michel,São Tomé,18896
736,Tarrah,Derbur,76224
737,Gerianne,Solomenskoye,64997
738,Kiah,Auxerre,21066
739,Jed,Polanka Wielka,66426
740,Kai,Limoges,89017
741,Rorke,Banjar Tiga,75959
742,Dennet,Dusit,31811
743,Perkin,Thames,89191
744,Hali,Jiading,82302
745,Tierney,Tomiya,94588
746,Andrus,Cool űrhajó,35204
747,Steffane,Sanqiao,10871
748,Vivyanne,La Rochelle,75941
749,Boyd,Salyan,91280
750,Etta,Changling,46515
751,Leigha,Covas da Raposa,24135
752,Farrel,Nanmen,85132
753,Cobby,Lat Yao,73172
754,Ham,Bélabo,50676
755,Tabitha,Tolomango,40553
756,Sephira,Xinxikou,42997
757,Rochester,Badai,74671
758,Mellicent,Zhongshan,50758
759,Gerry,Kezileboyi,19247
760,Analiese,Liquan Chengguanzhen,36377
761,Pavla,Souran,66965
762,Ann-marie,Xing’an,92193
763,Julieta,Gävle,18391
764,Diahann,Stepnica,33637
765,Aurora,Coronel Fabriciano,88075
766,Blinni,Wonocolo,91739
767,Ingrim,Leśna Podlaska,78962
768,Hanni,Khlong Khuean,39432
769,Franny,Debre Mark’os,35783
770,Agneta,Dauriya,42154
771,Lil,Arnprior,67743
772,Adriano,Los Pinos,86395
773,Buffy,Shāzand,40419
774,Sonnie,Pokrovka,12908
775,Jonis,Mosteirô,36775
776,Burtie,Gostyń,60903
777,Rawley,Nantes,18731
778,Andreana,Xiamazhuang,11833
779,Delila,Da’an,75083
780,Garwood,Xinghua,75123
781,Fabien,Qintong,96897
782,Derron,Porangatu,57679
783,Megan,Kelmė,18235
784,Latrina,Río Guayabal de Yateras,14187
785,Mollie,Tyler,70486
786,Franciskus,Cigembor,27502
787,Miquela,Is,67810
788,Billi,Orlando,59359
789,Kamilah,Gulu,33943
790,Anny,Kallithéa,78960
791,Corbet,Yanglin,89009
792,Alleen,Severodvinsk,43075
793,Jarred,Bidyā,24763
794,Onida,Targanice,65614
795,Deb,Sumbergayam,84876
796,Quintus,Khayr Kōṯ,12431
797,Myron,Kuala Terengganu,48467
798,Pennie,Särkisalo,94193
799,Talbert,Banyulegi,11003
800,Hynda,Mombok,41538
801,Loretta,Papër,97210
802,Cyb,Ô Môn,89922
803,Juan,Heřmanův Městec,42430
804,Brice,Olkusz,39173
805,Blondie,Alvesta,16936
806,Ash,Queluz de Baixo,77967
807,Shawn,Nsanje,41549
808,Pace,Ouani,86665
809,Mackenzie,Lijia,54779
810,Etheline,Bertioga,80050
811,Pierce,Fengshou,42632
812,Egor,Täby,82571
813,Jens,Uvarovka,79292
814,Durward,Patenongan,23015
815,Hermon,El Fahs,66411
816,Gerrie,Ludvika,81500
817,Manda,Villa Dolores,61364
818,Wylie,Sorang,91162
819,Findley,Wenwuba,27424
820,Hale,Sevan,44096
821,Sonny,Preko,62069
822,Christian,Rāwandūz,46156
823,Antoine,Giedlarowa,99728
824,Noach,Quarteira,45813
825,Ben,Anjani Barat,46057
826,Zea,Cametá,80707
827,Benedetta,Krajanpagowan,15691
828,Ernst,Waihai,32280
829,Tonnie,Devesa,45973
830,Susanna,Lille,87998
831,Nanci,Fengyuan,64566
832,Addi,Basseterre,46119
833,Cortney,Comalapa,76956
834,Melania,Konstantinovo,89753
835,Cathe,Saryaghash,48525
836,Sebastian,Al ‘Āliyah,78296
837,Terrel,Ciudad Bolívar,31187
838,Durante,Pushkino,50107
839,Elsie,Senada,62412
840,Janella,Opinogóra Górna,81666
841,Reggi,Boulaide,57086
842,Elisa,Orong,80950
843,Jodie,Conception Bay South,18515
844,Brigit,Yangxiang,71586
845,Riley,Kupusina,87996
846,Briano,Terre Haute,15754
847,Leticia,Sikka,88971
848,Flo,Romba,26229
849,Blanch,Linggou,65679
850,Eddy,Ciudad Darío,94108
851,Koral,Montfort-sur-Meu,10461
852,Ariel,Szczawno-Zdrój,69422
853,Chrisy,Frederiksberg,29088
854,Jacquelynn,Fort Wayne,52304
855,Nikos,Villa Nueva,98958
856,Rochell,Port Hawkesbury,71184
857,Nicolis,Arroio Grande,33446
858,Dennison,Bantarjati,78284
859,Eal,San Isidro,52141
860,Dell,Tangyin,65444
861,Kiersten,Strömsund,95086
862,Zacharie,Wielki Kack,92458
863,Andris,Krzykosy,89435
864,Shanan,Coro,24216
865,Ilario,Yeysk,71003
866,Joelynn,Soufrière,29294
867,Darnell,Maciejowice,79113
868,Louisette,Portorož,99265
869,Chaddy,Tetebatu,48542
870,Sybilla,Kleszczewo,87345
871,Drusie,Amānzī,97044
872,Irvin,Brangsi,27731
873,Ainslie,Las Matas de Santa Cruz,18616
874,Alvis,Si Prachan,74874
875,Ryon,Votkinsk,46707
876,Bessie,Charlotte,42482
877,Lamond,Batutulis,98507
878,Kathleen,Dvorovi,93875
879,Sarine,Jingchuan,65618
880,Frankie,Muslyumovo,93904
881,Sigismond,Seiça,18852
882,Devlin,Bell Ville,63676
883,Florida,Douala,61720
884,Toinette,Gaoshibei,10666
885,Sherye,Severobaykal’sk,97938
886,Heinrick,Cikawunggading,26875
887,Reggis,Wuluquele,44536
888,Paulo,San Andrés Xecul,65996
889,Hermia,Kuliyapitiya,35278
890,Klemens,Dobrich,24963
891,Paulo,Arcos,88926
892,Gerianna,Xiangtang,64666
893,Breanne,Barreiros,79218
894,Georgy,Funchal,45723
895,Dominik,Néa Róda,58766
896,Alexis,North Cowichan,39185
897,Cosette,Laojun,24213
898,Egon,Xiaozhai,84272
899,Arny,Villach,48780
900,Kellyann,Sim,12243
901,Margo,Risālpur,60254
902,Livvie,La Romana,76639
903,Nan,Bokkos,67019
904,Cora,Noşratābād,86529
905,Tedman,Bogovinje,71087
906,Mair,Yuanzhou,39553
907,Winslow,Paidha,34904
908,Charil,Le Blanc-Mesnil,97194
909,Dorene,Dębno,12062
910,Dillie,La Gi,43409
911,Micky,Lilla Edet,57338
912,Lockwood,Västerås,97764
913,Doris,Luxia,89130
914,Leonie,Shicheng,92386
915,Sherie,Fonte da Aldeia,98801
916,Beverly,Ferreira,60205
917,Jemimah,Piekielnik,92775
918,Rafael,Sukamaju,74239
919,Briano,Ypacarai,41707
920,Joshia,Luoyang,72612
921,Lezley,Uryupinsk,11503
922,Janek,Itabaianinha,29468
923,Salomon,Xindeng,63190
924,Cyrus,Basicao Coastal,77027
925,Francine,Novovoronezh,91869
926,Conn,Visaginas,99249
927,Dannel,Cà Mau,29873
928,Lawrence,Kozhva,10129
929,Lindsay,Baltasar Brum,72225
930,Skippy,Sampao,31453
931,Art,Bojonggaling,40963
932,Viola,Pubal,50007
933,Marylou,Batasan,34507
934,Kerry,Mach,20971
935,Carly,Kanie,70229
936,Gradey,Kuybyshev,83794
937,Franklyn,Portela,97338
938,Standford,Zomba,21049
939,Tanney,Pengembur Dua,39285
940,Fidelia,Buutuo,29437
941,Hermione,Tanqiao,25033
942,Duncan,Siheyuan,59605
943,Kirbie,Luyang,94662
944,Isac,Novosil’,36299
945,Artemus,Tulle,91970
946,Wyndham,Bernardo Larroudé,40582
947,Berenice,Liuli,86672
948,Marcus,Poitiers,16666
949,Roseann,Panjiawan,79442
950,Fraser,Ohrid,22499
951,Dewitt,Yushu,70795
952,Constance,Shangganshan,20881
953,Jessalin,Brasília de Minas,50369
954,Fianna,Baitu,55875
955,Bordy,Hengli,50808
956,Cherye,Caringin Lor,52816
957,Carlie,Llorente,62228
958,Jamesy,Storvreta,12374
959,Gertrud,Kurlovo,99960
960,Dede,Épernay,59442
961,Correy,Baitu,33627
962,Tricia,Parada de Pinhão,81567
963,Cristine,Guancangping,87212
964,Randell,Rio Negro,87501
965,Nana,Khorol,60231
966,Michaeline,Mulchén,71350
967,Etti,Shaxi,86094
968,Levi,Bendo,88543
969,Pen,Nansheng,79936
970,Oby,Butel,97914
971,Rosabel,Fulu,89724
972,Carolina,Gérakas,41070
973,Hildagarde,Pavlovsk,53799
974,Eve,Bršadin,40713
975,Pansie,Lingbei,65990
976,Meryl,Nizhniy Dzhengutay,79010
977,Madalyn,Roliça,61729
978,Ivan,Trondheim,41782
979,Franz,Budapest,76215
980,Reiko,Lučko,72954
981,Garvin,Xhafzotaj,27934
982,Cherish,Keta,45816
983,Lonny,Suchy Dąb,45295
984,Odelinda,Nýřany,92612
985,Ron,Maduao,42789
986,Wenda,Yangzi,27163
987,Andy,Liangwangzhuang,31703
988,Elna,Linamon,46712
989,Gwynne,Belovodskoye,80174
990,Miles,Sunan,80601
991,Sara,Changbai,59227
992,Abbott,Omīdcheh,97296
993,Georges,Bagacay,12788
994,Virgie,Pateh Sam,69811
995,Brice,Metapán,84891
996,Zarla,San Miguel Dueñas,51743
997,Ruddy,Härnösand,49090
998,Jeni,Khueang Nai,77253
999,Elene,Tianhe,78381
1000,Kellie,Lemland,81228
